"product_name","product_url","product_in_stock","product_price","product_price_url"
"Philips Hue White A19 LED Smart Bulb, Bluetooth & Zigbee compatible (Hue Hub Optional), Works with Alexa & Google Assistant – A Certified for Humans Device","https://www.amazon.com/Philips-Hue-Bluetooth-compatible-Assistant/dp/B07QV9XLTK/ref=sxin_0_ac_d_rm?ac_md=0-0-c21hcnQgbGlnaHQ%3D-ac_d_rm&cv_ct_cx=smart+light&keywords=smart+light&pd_rd_i=B07QV9XLTK&pd_rd_r=a9f617ce-06d3-4554-8b2b-b4f35e65d361&pd_rd_w=bbrog&pd_rd_wg=WD5rl&pf_rd_p=de19e82a-2d83-4ae8-9f5c-212586b8b9a0&pf_rd_r=55W7ZPCRHZBQYAXK4YQC&psc=1&qid=1581477706&sr=1-1-12d4272d-8adb-4121-8624-135149aa9081","In Stock.","",""
"Amazon Smart Plug, works with Alexa – A Certified for Humans Device","https://www.amazon.com/Amazon-Smart-Plug-works-Alexa/dp/B01MZEEFNX/ref=sxin_0_ac_d_rm?ac_md=2-1-c21hcnQgcGx1Zw%3D%3D-ac_d_rm&cv_ct_cx=smart+light&keywords=smart+light&pd_rd_i=B01MZEEFNX&pd_rd_r=a9f617ce-06d3-4554-8b2b-b4f35e65d361&pd_rd_w=bbrog&pd_rd_wg=WD5rl&pf_rd_p=de19e82a-2d83-4ae8-9f5c-212586b8b9a0&pf_rd_r=55W7ZPCRHZBQYAXK4YQC&psc=1&qid=1581477706&sr=1-2-12d4272d-8adb-4121-8624-135149aa9081","In Stock.","",""
"Sengled Smart LED Multicolor A19 Starter Kit, 60W Equivalent, 2 Smart Light Bulbs & Hub, RGBW Color and Tunable White 2000-6500K, Works with Alexa & Google Assistant","https://www.amazon.com/Sengled-Multicolor-2000-6500K-Equivalent-Assistant/dp/B079ZLHQM9/ref=sxin_0_ac_d_rm?ac_md=3-2-c2VuZ2xlZA%3D%3D-ac_d_rm&cv_ct_cx=smart+light&keywords=smart+light&pd_rd_i=B079ZLHQM9&pd_rd_r=a9f617ce-06d3-4554-8b2b-b4f35e65d361&pd_rd_w=bbrog&pd_rd_wg=WD5rl&pf_rd_p=de19e82a-2d83-4ae8-9f5c-212586b8b9a0&pf_rd_r=55W7ZPCRHZBQYAXK4YQC&psc=1&qid=1581477706&sr=1-3-12d4272d-8adb-4121-8624-135149aa9081","In Stock.","",""
"Kasa Smart Light Switch by TP-Link – Needs Neutral Wire, WiFi Light Switch, Works with Alexa & Google (HS200) White 1-Pack","https://www.amazon.com/Kasa-Smart-Light-Switch-TP-Link/dp/B01EZV35QU/ref=sxin_0_ac_d_rm?ac_md=4-3-c21hcnQgbGlnaHQgc3dpdGNo-ac_d_rm&cv_ct_cx=smart+light&keywords=smart+light&pd_rd_i=B01EZV35QU&pd_rd_r=a9f617ce-06d3-4554-8b2b-b4f35e65d361&pd_rd_w=bbrog&pd_rd_wg=WD5rl&pf_rd_p=de19e82a-2d83-4ae8-9f5c-212586b8b9a0&pf_rd_r=55W7ZPCRHZBQYAXK4YQC&psc=1&qid=1581477706&sr=1-4-12d4272d-8adb-4121-8624-135149aa9081","In Stock.","",""
"Smart LED Light Bulb 2.4G(Not 5G) E26 WiFi Multicolor Light Bulb Work with Alexa,Siri, Echo, Google Home and IFTTT (No Hub Required), A19 60W Equivalent RGB Color Changing Bulb (4 Pack)","https://www.amazon.com/Multicolor-Google-Required-Equivalent-Changing/dp/B07QYMPT6W/ref=sr_1_1?keywords=smart+light&qid=1581477706&sr=8-1","In Stock.","$39.99","https://www.amazon.com/Multicolor-Google-Required-Equivalent-Changing/dp/B07QYMPT6W/ref=sr_1_1?keywords=smart+light&qid=1581477706&sr=8-1"
"Govee Smart WiFi LED Strip Lights Works with Alexa, Google Home Brighter 5050 LED, 16 Million Colors Phone App Controlled Music Light Strip for Home, Kitchen, TV, Party, for iOS and Android, 16.4ft","https://www.amazon.com/Govee-Brighter-Million-Controlled-Kitchen/dp/B07N1CMGQQ/ref=sr_1_2?keywords=smart+light&qid=1581477706&smid=A2KZ7X05DCDJDL&sr=8-2","In Stock.","$43.99","https://www.amazon.com/Govee-Brighter-Million-Controlled-Kitchen/dp/B07N1CMGQQ/ref=sr_1_2?keywords=smart+light&qid=1581477706&smid=A2KZ7X05DCDJDL&sr=8-2"
"Smart LED Light Bulb 2.4G(Not 5G) E26 WiFi Multicolor Light Bulb Work with Siri,Alexa, Echo, Google Home and IFTTT (No Hub Required), Peteme A19 60W Equivalent RGB Color Changing Bulb (2 Pack)","https://www.amazon.com/Multicolor-Required-Peteme-Equivalent-Changing/dp/B07MKDLV1V/ref=sr_1_3?keywords=smart+light&qid=1581477706&sr=8-3","In Stock.","$20.99","https://www.amazon.com/Multicolor-Required-Peteme-Equivalent-Changing/dp/B07MKDLV1V/ref=sr_1_3?keywords=smart+light&qid=1581477706&sr=8-3"
"Smart WiFi Light Bulb with Soft White Light, TECKIN 16 Million RGB Color Changing LED Bulb That Work with Alexa, Google Home (No Hub Required), 7.5W (60w Equivalent),4 Pack","https://www.amazon.com/Multicolor-Compatible-Required-TECKIN-Equivalent/dp/B07GT3RXM6/ref=sr_1_4?keywords=smart+light&qid=1581477706&sr=8-4","In Stock.","$39.99","https://www.amazon.com/Multicolor-Compatible-Required-TECKIN-Equivalent/dp/B07GT3RXM6/ref=sr_1_4?keywords=smart+light&qid=1581477706&sr=8-4"
"BERENNIS Smart Light Bulb, A19 E26 RGBCW WiFi Dimmable Multicolor LED Lights, Compatible with Alexa, Google Home and IFTTT (No Hub Required) 7W (60w Equivalent) 3 Pack","https://www.amazon.com/BERENNIS-Dimmable-Multicolored-Required-Compatible/dp/B07GGWNQT7/ref=sr_1_5?keywords=smart+light&qid=1581477706&sr=8-5","In Stock.","$38.99","https://www.amazon.com/BERENNIS-Dimmable-Multicolored-Required-Compatible/dp/B07GGWNQT7/ref=sr_1_5?keywords=smart+light&qid=1581477706&sr=8-5"
"Smart WiFi Light Bulb, LED RGB Color Changing, Compatible with Alexa and Google Home Assistant, No Hub Required, A19 E26 Multicolor LUMIMAN 2 Pack","https://www.amazon.com/Changing-Compatible-Assistant-Multicolor-LUMIMAN/dp/B07DLSNNDS/ref=sr_1_6?keywords=smart+light&qid=1581477706&sr=8-6","In Stock.","$22.99","https://www.amazon.com/Changing-Compatible-Assistant-Multicolor-LUMIMAN/dp/B07DLSNNDS/ref=sr_1_6?keywords=smart+light&qid=1581477706&sr=8-6"
"Smart WiFi Alexa Light Bulbs 2.4G, SAUDIO LED RGB Color Changing Bulbs, Compatible with Siri,Alexa,IFTTT and Google Home Assistant, No Hub Required, A19 E26 Multicolor 4 Pack","https://www.amazon.com/SAUDIO-Changing-Compatible-Assistant-Multicolor/dp/B07RX62616/ref=sr_1_7?keywords=smart+light&qid=1581477706&sr=8-7","In Stock.","$39.99","https://www.amazon.com/SAUDIO-Changing-Compatible-Assistant-Multicolor/dp/B07RX62616/ref=sr_1_7?keywords=smart+light&qid=1581477706&sr=8-7"
"Wyze Bulb 800 Lumen A19 LED Smart Home Light Bulb, Adjustable white temperature and brightness, works with Alexa and the Google Assistant, No Hub Required, 4-Pack","https://www.amazon.com/Wyze-Adjustable-temperature-brightness-Assistant/dp/B07RF9NCDP/ref=sr_1_8?keywords=smart+light&qid=1581477706&sr=8-8","In Stock.","$37.98","https://www.amazon.com/Wyze-Adjustable-temperature-brightness-Assistant/dp/B07RF9NCDP/ref=sr_1_8?keywords=smart+light&qid=1581477706&sr=8-8"
"Smart Light Bulb, Works with Alexa, Echo, Google Home and Siri, AL Above Lights Dimmable E26 9W Wi-Fi LED Smart Bulb, Soft White (2700K), 60W Equivalent, 810 LM, RGB+W, ETL Listed - 1 Pack","https://www.amazon.com/AL-Above-Lights-Dimmable-Equivalent/dp/B07SN3MZM7/ref=sr_1_9?keywords=smart+light&qid=1581477706&sr=8-9","","$13.99","https://www.amazon.com/AL-Above-Lights-Dimmable-Equivalent/dp/B07SN3MZM7/ref=sr_1_9?keywords=smart+light&qid=1581477706&sr=8-9"
"Kasa Smart Light Switch by TP-Link – Needs Neutral Wire, WiFi Light Switch, Works with Alexa & Google (HS200) White 1-Pack","https://www.amazon.com/Kasa-Smart-Light-Switch-TP-Link/dp/B01EZV35QU/ref=sr_1_10?keywords=smart+light&qid=1581477706&sr=8-10","","$19.99","https://www.amazon.com/Kasa-Smart-Light-Switch-TP-Link/dp/B01EZV35QU/ref=sr_1_10?keywords=smart+light&qid=1581477706&sr=8-10"
"Philips Hue White 2-Pack A19 LED Smart Bulb, Bluetooth & Zigbee compatible (Hue Hub Optional), Works with Alexa & Google Assistant – A Certified for Humans Device","https://www.amazon.com/Philips-Hue-Bluetooth-compatible-Assistant/dp/B07R2MQ2PY/ref=sr_1_11?keywords=smart+light&qid=1581477706&sr=8-11","","$29.99","https://www.amazon.com/Philips-Hue-Bluetooth-compatible-Assistant/dp/B07R2MQ2PY/ref=sr_1_11?keywords=smart+light&qid=1581477706&sr=8-11"
"3-way Smart Light Switch, Neutral Wire Required, Treatlife WiFi Light Switch Single Pole/3-way Switch Works With Alexa, Google Assistant, Remote Control, ETL, Schedule, 1 PACK","https://www.amazon.com/Treatlife-Assistant-Control-Schedule-Required/dp/B07V4X7BRT/ref=sr_1_12?keywords=smart+light&qid=1581477706&sr=8-12","","$27.99","https://www.amazon.com/Treatlife-Assistant-Control-Schedule-Required/dp/B07V4X7BRT/ref=sr_1_12?keywords=smart+light&qid=1581477706&sr=8-12"
"Gosund Smart Light Bulb Compatible with Alexa Google Home WiFi A19 E26 LED Dimmable Bulbs No Hub Required 2700K Warm White 8W Lights 75W Equivalent Lighting 2pack","https://www.amazon.com/Gosund-Dimmable-Required-Equivalent-Lighting/dp/B082X4QTKJ/ref=sr_1_13?keywords=smart+light&qid=1581477706&sr=8-13","","$16.99","https://www.amazon.com/Gosund-Dimmable-Required-Equivalent-Lighting/dp/B082X4QTKJ/ref=sr_1_13?keywords=smart+light&qid=1581477706&sr=8-13"
"Smart Light Bulb Compatible with Alexa Google Home, NiteBird A19 E26 Wifi Dimmable Warm White 2700K LED Lights Bulbs, 75W Equivalent, No Hub Required, 4 Pack","https://www.amazon.com/Compatible-NiteBird-Dimmable-Equivalent-Required/dp/B081SWYGTT/ref=sr_1_14?keywords=smart+light&qid=1581477706&sr=8-14","","$31.99","https://www.amazon.com/Compatible-NiteBird-Dimmable-Equivalent-Required/dp/B081SWYGTT/ref=sr_1_14?keywords=smart+light&qid=1581477706&sr=8-14"
"Amazon Smart Plug, works with Alexa – A Certified for Humans Device","https://www.amazon.com/Amazon-Smart-Plug-works-Alexa/dp/B01MZEEFNX/ref=sr_1_15?keywords=smart+light&qid=1581477706&sr=8-15","","$24.99","https://www.amazon.com/Amazon-Smart-Plug-works-Alexa/dp/B01MZEEFNX/ref=sr_1_15?keywords=smart+light&qid=1581477706&sr=8-15"
"Smart Light Bulbs, Aoycocr BR30 Dimmable LED Light Bulbs, 720 Lumen, Tunable White 2700K - 9000K,9 (80W Equivalent) No Hub Required, Wi-Fi, E26 Base (4 Pack)","https://www.amazon.com/Smart-Light-Aoycocr-Dimmable-Tunable/dp/B07VCRJ9ZM/ref=sr_1_16?keywords=smart+light&qid=1581477706&sr=8-16","","$52.99","https://www.amazon.com/Smart-Light-Aoycocr-Dimmable-Tunable/dp/B07VCRJ9ZM/ref=sr_1_16?keywords=smart+light&qid=1581477706&sr=8-16"
"Gosund Smart Light Switch, In-wall Wifi Smart Switch that Works with Alexa and Google Home, No Hub Required, Neutral Wire Needed, Single-Pole 15A, ETL and FCC Listed,4 Pack White","https://www.amazon.com/TanTan-Compatible-Single-Pole-required-Control/dp/B07MV1RTSV/ref=sr_1_17?keywords=smart+light&qid=1581477706&sr=8-17","","$69.99","https://www.amazon.com/TanTan-Compatible-Single-Pole-required-Control/dp/B07MV1RTSV/ref=sr_1_17?keywords=smart+light&qid=1581477706&sr=8-17"
"Light Bulb Camera,Include 16GB Card 1080P WiFi Security Camera, 2MP Wireles IP LED Cam,360 Degrees Panoramic VR Indoor/Outdoor Home Surveillance Cameras,Motion Detection/Night Vision/Alarm","https://www.amazon.com/Include-Security-Panoramic-Surveillance-Detection/dp/B082S9PBHK/ref=sr_1_18?keywords=smart+light&qid=1581477706&sr=8-18","","$32.99","https://www.amazon.com/Include-Security-Panoramic-Surveillance-Detection/dp/B082S9PBHK/ref=sr_1_18?keywords=smart+light&qid=1581477706&sr=8-18"
"Smart Light Bulbs E12 Base LED Candelabra Bulbs, Color Changing and Dimmable, Compatible with Alexa Google Home IFTTT, Tunable White Chandelier Light Bulbs 320 lm 35w Equivalent, 4 Pack","https://www.amazon.com/Candelabra-Changing-Compatible-Chandelier-Equivalent/dp/B07WGL5L8Q/ref=sr_1_19?keywords=smart+light&qid=1581477706&sr=8-19","","$39.99","https://www.amazon.com/Candelabra-Changing-Compatible-Chandelier-Equivalent/dp/B07WGL5L8Q/ref=sr_1_19?keywords=smart+light&qid=1581477706&sr=8-19"
"Treatlife Smart Light Switch（Neutral Wire Required), 2.4Ghz Wi-Fi Light Switch, Works with Alexa and Google Assistant, Schedule, Remote Control, Single Pole, ETL Listed (4 PACK)","https://www.amazon.com/Treatlife-Smart-Light-Switch-Assistant/dp/B07R4MFWCQ/ref=sr_1_20?keywords=smart+light&qid=1581477706&sr=8-20","","$59.99","https://www.amazon.com/Treatlife-Smart-Light-Switch-Assistant/dp/B07R4MFWCQ/ref=sr_1_20?keywords=smart+light&qid=1581477706&sr=8-20"
"Smart Alexa Light Bulbs, SAUDIO WiFi LED Bulbs RGB Color Changing Bulbs, Compatible with Siri,Alexa,IFTTT and Google Home Assistant, No Hub Required, A19 E26 Multicolor 2 Pack","https://www.amazon.com/SAUDIO-Changing-Compatible-Assistant-Multicolor/dp/B082WT4CPW/ref=sr_1_21?keywords=smart+light&qid=1581477706&sr=8-21","","$19.99","https://www.amazon.com/SAUDIO-Changing-Compatible-Assistant-Multicolor/dp/B082WT4CPW/ref=sr_1_21?keywords=smart+light&qid=1581477706&sr=8-21"
"DAYBETTER LED Strip Lights, Smart LED Lights 16.4ft Waterproof 5050 RGB Color Changing Controlled by Phone APP, Sync to Music, WiFi LED Strips Work with Alexa, Google Assistant for Bedroom","https://www.amazon.com/DAYBETTER-Waterproof-Changing-Controlled-Assistant/dp/B07VNG9ZLM/ref=sr_1_22?keywords=smart+light&qid=1581477706&sr=8-22","","$26.99","https://www.amazon.com/DAYBETTER-Waterproof-Changing-Controlled-Assistant/dp/B07VNG9ZLM/ref=sr_1_22?keywords=smart+light&qid=1581477706&sr=8-22"
"OHLUX Smart WiFi LED Light Bulbs Compatible with Alexa Google Home and IFTTT(No Hub Required), RGBCW Multi-Color, Warm to Cool White Dimmable, 60W Equivalent, 7W E26 A19 Color Changing Bulb-4PACK","https://www.amazon.com/OHLUX-Compatible-Equivalent-Multi-Color-Bulb-4PACK/dp/B07LCB3HQJ/ref=sr_1_23?keywords=smart+light&qid=1581477706&sr=8-23","","$39.99","https://www.amazon.com/OHLUX-Compatible-Equivalent-Multi-Color-Bulb-4PACK/dp/B07LCB3HQJ/ref=sr_1_23?keywords=smart+light&qid=1581477706&sr=8-23"
"Smart Light Bulb Compatible with Alexa Google Home, NiteBird A19 E26 WiFi Dimmable Warm White 2700K LED Lights Bulbs, 75W Equivalent, No Hub Required, 2 Pack","https://www.amazon.com/Compatible-NiteBird-Dimmable-Equivalent-Required/dp/B082DWK146/ref=sr_1_24?keywords=smart+light&qid=1581477706&sr=8-24","","$16.99","https://www.amazon.com/Compatible-NiteBird-Dimmable-Equivalent-Required/dp/B082DWK146/ref=sr_1_24?keywords=smart+light&qid=1581477706&sr=8-24"
"Dusk to Dawn Light Bulb Sensor Smart LED Outdoor Lighting Bulbs Lamp 7W E26/E27 Automatic On/Off, Indoor/Outdoor Yard Porch Patio Garden (Warm White, 3 Pack)","https://www.amazon.com/Sensor-Outdoor-Lighting-Automatic-Indoor/dp/B077SQ95ZW/ref=sr_1_25?keywords=smart+light&qid=1581477706&sr=8-25","","$21.99","https://www.amazon.com/Sensor-Outdoor-Lighting-Automatic-Indoor/dp/B077SQ95ZW/ref=sr_1_25?keywords=smart+light&qid=1581477706&sr=8-25"
"Smart Light Bulb Alexa LED Color Changing Light Bulbs,TECKIN A19 E27 60W 800LM Equivalent Compatible with Google Home,IFTTT,2800K-6000K Cold and Warm Light WiFi Blubs(7.5W),2pack","https://www.amazon.com/Changing-TECKIN-Equivalent-Compatible-2800K-6000K/dp/B07ZJHKC8W/ref=sr_1_26?keywords=smart+light&qid=1581477706&sr=8-26","","$24.58","https://www.amazon.com/Changing-TECKIN-Equivalent-Compatible-2800K-6000K/dp/B07ZJHKC8W/ref=sr_1_26?keywords=smart+light&qid=1581477706&sr=8-26"
"Smart WiFi Light Bulb, LUMIMAN LED RGBCW Color Changing, Compatible with Alexa, Siri and Google Home Assistant, No Hub Required, A19 E26 Multicolor 4 Pack","https://www.amazon.com/LUMIMAN-Changing-Compatible-Assistant-Multicolor/dp/B07XYXY5QR/ref=sr_1_27?keywords=smart+light&qid=1581477706&sr=8-27","","$39.99","https://www.amazon.com/LUMIMAN-Changing-Compatible-Assistant-Multicolor/dp/B07XYXY5QR/ref=sr_1_27?keywords=smart+light&qid=1581477706&sr=8-27"
"Philips Hue White and Color Ambiance LightStrip Plus Dimmable LED Smart Light (Requires Hue Hub, Works with Alexa, HomeKit & Google Assistant)","https://www.amazon.com/Philips-Ambiance-LightStrip-Compatible-Assistant/dp/B0167H33DU/ref=sr_1_28?keywords=smart+light&qid=1581477706&sr=8-28","","$79.99","https://www.amazon.com/Philips-Ambiance-LightStrip-Compatible-Assistant/dp/B0167H33DU/ref=sr_1_28?keywords=smart+light&qid=1581477706&sr=8-28"
"Smart Light Bulb with Soft White Light 2800k-6200k + RGBW, TECKIN A19 WiFi Multicolor LED Bulb Compatible with Phone, Google Home, 8w (60w Equivalent),2 Pack","https://www.amazon.com/Dimmable-Multicolor-Compatible-TECKIN-Equivalent/dp/B07GT2Q5RW/ref=sr_1_29?keywords=smart+light&qid=1581477706&sr=8-29","","$23.99","https://www.amazon.com/Dimmable-Multicolor-Compatible-TECKIN-Equivalent/dp/B07GT2Q5RW/ref=sr_1_29?keywords=smart+light&qid=1581477706&sr=8-29"
"NiteBird Smart TV Backlight Work with Alexa Google Home,Sync to Music WiFi LED TV light 9.2Ft Kit for 32'' to 60'' TV, Waterproof 5050 RGB Strip Light with Controller, Dimmable","https://www.amazon.com/NiteBird-Backlight-Waterproof-Controller-Dimmable/dp/B07XCVGL42/ref=sr_1_30?keywords=smart+light&qid=1581477706&sr=8-30","In Stock.","$17.99","https://www.amazon.com/NiteBird-Backlight-Waterproof-Controller-Dimmable/dp/B07XCVGL42/ref=sr_1_30?keywords=smart+light&qid=1581477706&sr=8-30"
"BRTLX Smart Light Bulb, RGB Dimmable Wi-Fi LED Bulb, 9W 800LM,Free APP and Voice Control, Compatible with Amazon Alexa and Google Assistant,No Hub Required,A60 E26 Multicolored Smart Bulbs (4 Pack)","https://www.amazon.com/BRTLX-Dimmable-Compatible-Assistant-Multicolored/dp/B07JFVQ6B7/ref=sr_1_31?keywords=smart+light&qid=1581477706&sr=8-31","","$34.99","https://www.amazon.com/BRTLX-Dimmable-Compatible-Assistant-Multicolored/dp/B07JFVQ6B7/ref=sr_1_31?keywords=smart+light&qid=1581477706&sr=8-31"
"LED Strip Lights, DAYBETTER 16.4 FT Smart Strip Lights 5050 Kit 150 LEDs Work with Alex Google Assistant WiFi Rope Light APP Controlled Smart Light Strip for Bedroom, Home, Ceiling, Cupboard Lighting","https://www.amazon.com/DAYBETTER-Assistant-Controlled-Cupboard-Lighting/dp/B07VQT4HR2/ref=sr_1_32?keywords=smart+light&qid=1581477706&sr=8-32","In Stock.","$24.99","https://www.amazon.com/DAYBETTER-Assistant-Controlled-Cupboard-Lighting/dp/B07VQT4HR2/ref=sr_1_32?keywords=smart+light&qid=1581477706&sr=8-32"
"Gosund Smart Dimmer Switch, Wifi Wall Light Switch Compatible with Alexa and Google Home, 4 Pack, Single-Pole, Remote Control, No Hub Required, ETL and FCC Listed","https://www.amazon.com/Gosund-Compatible-Single-Pole-Control-Required/dp/B07VP4PHJJ/ref=sr_1_33?keywords=smart+light&qid=1581477706&sr=8-33","","$75.99","https://www.amazon.com/Gosund-Compatible-Single-Pole-Control-Required/dp/B07VP4PHJJ/ref=sr_1_33?keywords=smart+light&qid=1581477706&sr=8-33"
"Treatlife Smart Light Switch（Neutral Wire Required), 2.4Ghz Wi-Fi Light Switch, Works with Alexa and Google Assistant, Schedule, Remote Control, Single Pole, ETL Listed (1 PACK)","https://www.amazon.com/Treatlife-Smart-Light-Switch-Assistant/dp/B07R7PCCT9/ref=sr_1_34?keywords=smart+light&qid=1581477706&sr=8-34","","$17.99","https://www.amazon.com/Treatlife-Smart-Light-Switch-Assistant/dp/B07R7PCCT9/ref=sr_1_34?keywords=smart+light&qid=1581477706&sr=8-34"
"TP-Link Kasa Smart WiFi Light Bulb, Multicolor - Smart LED Light Bulbs, Works with Alexa & Google (KL130)","https://www.amazon.com/Kasa-Smart-Light-Multicolor-TP-Link/dp/B07FZ6PLJG/ref=sr_1_35?keywords=smart+light&qid=1581477706&sr=8-35","","$29.99","https://www.amazon.com/Kasa-Smart-Light-Multicolor-TP-Link/dp/B07FZ6PLJG/ref=sr_1_35?keywords=smart+light&qid=1581477706&sr=8-35"
"LED Candelabra Bulbs E12 Base, Color Changing and Dimmable Smart Light Bulb, Compatible with Alexa Google Home IFTTT, Tunable White Chandelier Light Bulbs 320 lm 35w Equivalent, 3 Pack","https://www.amazon.com/Candelabra-Changing-Compatible-Chandelier-Equivalent/dp/B081L4Q5HH/ref=sr_1_36?keywords=smart+light&qid=1581477706&sr=8-36","","$28.99","https://www.amazon.com/Candelabra-Changing-Compatible-Chandelier-Equivalent/dp/B081L4Q5HH/ref=sr_1_36?keywords=smart+light&qid=1581477706&sr=8-36"
"meross Smart WiFi Light Switch, Wall Switch, Compatible with Amazon Alexa, Google Assistant and IFTTT, Remote Control, Schedules, Timer, No Hub Needed - Upgrade Version 2 Pack","https://www.amazon.com/meross-Compatible-Assistant-Control-Schedules/dp/B07KXNHNCB/ref=sr_1_37?keywords=smart+light&qid=1581477706&sr=8-37","","$29.99","https://www.amazon.com/meross-Compatible-Assistant-Control-Schedules/dp/B07KXNHNCB/ref=sr_1_37?keywords=smart+light&qid=1581477706&sr=8-37"
"Smart WiFi LED Recessed Retrofit Downlight 5/6 inch, 15W Ceiling Down Lighting Compatible with Alexa,Siri and Google Home, RGBCW Multicolor Color Changing Retrofit Can Lights 2700K - 6500K No Hub","https://www.amazon.com/Recessed-Retrofit-Downlight-Compatible-Multicolor/dp/B07WS5L5LR/ref=sr_1_38?keywords=smart+light&qid=1581477706&sr=8-38","","$39.99","https://www.amazon.com/Recessed-Retrofit-Downlight-Compatible-Multicolor/dp/B07WS5L5LR/ref=sr_1_38?keywords=smart+light&qid=1581477706&sr=8-38"
"Smart Light Switch&Alexa Smart Double Switch& 2.4Ghz WIFI Light Switch With Timer and Remote Control,Schedule,Neutral Wire Needed,Works with Alexa, Google Assistant and IFTTT,Single Pole (2gang)","https://www.amazon.com/Switch-Double-Remote-Control-required/dp/B07QRRRTDM/ref=sr_1_39?keywords=smart+light&qid=1581477706&sr=8-39","","$45.99","https://www.amazon.com/Switch-Double-Remote-Control-required/dp/B07QRRRTDM/ref=sr_1_39?keywords=smart+light&qid=1581477706&sr=8-39"
"TECKIN Smart Light Bulb,LED RGB Color Changing,E27 100W 1300LM Equivalent Compatible with Alexa and Google Home,IFTTT,2900K-6000K BR30 WiFi Light Blubs(13W),1 Pack","https://www.amazon.com/TECKIN-Changing-Equivalent-Compatible-2900K-6000K/dp/B07RZKV7FQ/ref=sr_1_40?keywords=smart+light&qid=1581477706&sr=8-40","","$19.99","https://www.amazon.com/TECKIN-Changing-Equivalent-Compatible-2900K-6000K/dp/B07RZKV7FQ/ref=sr_1_40?keywords=smart+light&qid=1581477706&sr=8-40"
"Smart Table Lamp, HUGOAI Dimmable Bedside Lamps for Bedrooms, Works with Alexa & Google Home, LED Nightstand Lamp with Shades of White Lights and Vibrant Colors, No Hub Required - Grey","https://www.amazon.com/HUGOAI-Dimmable-Bedrooms-Nightstand-Required/dp/B07QK9LG1H/ref=sr_1_41?keywords=smart+light&qid=1581477706&sr=8-41","","$45.99","https://www.amazon.com/HUGOAI-Dimmable-Bedrooms-Nightstand-Required/dp/B07QK9LG1H/ref=sr_1_41?keywords=smart+light&qid=1581477706&sr=8-41"
"Govee 32.8ft LED Strip Lights Works with Alexa and Google Assistant Wireless Smart Phone APP Control Light Strip Kits Music Sync RGB Tape Lights for Room Kitchen Home Party (Not Support 5G WiFi)","https://www.amazon.com/Wireless-Control-Compatible-Assistant-Non-Waterproof/dp/B07N1BGYKB/ref=sr_1_42?keywords=smart+light&qid=1581477706&sr=8-42","In Stock.","$42.99","https://www.amazon.com/Wireless-Control-Compatible-Assistant-Non-Waterproof/dp/B07N1BGYKB/ref=sr_1_42?keywords=smart+light&qid=1581477706&sr=8-42"
"Smart Light Bulbs,TECKIN LED RGB Color Changing,E27 100W 1300LM Equivalent Compatible with Alexa and Google Home,IFTTT,2900K-6000K BR30 WiFi Light Blubs(13W),4 Pack","https://www.amazon.com/TECKIN-Changing-Equivalent-Compatible-2900K-6000K/dp/B07ZFSW1YJ/ref=sr_1_43?keywords=smart+light&qid=1581477706&sr=8-43","","$69.99","https://www.amazon.com/TECKIN-Changing-Equivalent-Compatible-2900K-6000K/dp/B07ZFSW1YJ/ref=sr_1_43?keywords=smart+light&qid=1581477706&sr=8-43"
"Smart Led Light Bulb, Alexa RGB Color Changing Light Bulb, TECKIN E27 A19 60W Equivalent, Compatible with Alexa, Google Home and IFTTT, Cold and Warm Light 2800K-6000K, WiFi Control Bulb (2 Packs)","https://www.amazon.com/Changing-TECKIN-Equivalent-Compatible-2800K-6000K/dp/B081JTDZXT/ref=sr_1_44?keywords=smart+light&qid=1581477706&sr=8-44","","$23.99","https://www.amazon.com/Changing-TECKIN-Equivalent-Compatible-2800K-6000K/dp/B081JTDZXT/ref=sr_1_44?keywords=smart+light&qid=1581477706&sr=8-44"
"Smart Light Switch, Treatlife 2.4Ghz Smart Switch Wi-Fi Light Switch, Neutral Wire Required, Works with Alexa and Google Assistant, Single-Pole, Schedule, Remote Control, ETL Listed, 4 PACK","https://www.amazon.com/Treatlife-Required-Assistant-Single-Pole-Schedule/dp/B07WWYQJFR/ref=sr_1_45?keywords=smart+light&qid=1581477706&sr=8-45","","$64.99","https://www.amazon.com/Treatlife-Required-Assistant-Single-Pole-Schedule/dp/B07WWYQJFR/ref=sr_1_45?keywords=smart+light&qid=1581477706&sr=8-45"
"So Undercover","https://www.amazon.com/So-Undercover-Miley-Cyrus/dp/B082N95G1B/ref=sr_1_46?keywords=smart+light&qid=1581477706&sr=8-46","","$3.99","https://www.amazon.com/So-Undercover-Miley-Cyrus/dp/B082N95G1B/ref=sr_1_46?keywords=smart+light&qid=1581477706&sr=8-46"
"Smart LED Strip Lights Gosund Led Lights Works with Alexa and Google Home, 5050 RGB Color Changing Lights for Bedroom WiFi Remote Control Smart Tape Lights Sync with Music, 16 Million Colors, 16.4ft","https://www.amazon.com/Gosund-Changing-Bedroom-Control-Million/dp/B082119W8V/ref=sr_1_47?keywords=smart+light&qid=1581477706&sr=8-47","","$25.99","https://www.amazon.com/Gosund-Changing-Bedroom-Control-Million/dp/B082119W8V/ref=sr_1_47?keywords=smart+light&qid=1581477706&sr=8-47"
"Smart LED RGB Light Bulb - Aoycocr 10W A21 E26 Soft White (2700K) Multicolor - 900 Lumens (85W Equivalent) - Compatible with Amazon Alexa and Google Assistant, No Hub Required (4 Pack)","https://www.amazon.com/Smart-LED-RGB-Light-Bulb/dp/B07T8DRZZ5/ref=sr_1_48?keywords=smart+light&qid=1581477706&sr=8-48","","$45.99","https://www.amazon.com/Smart-LED-RGB-Light-Bulb/dp/B07T8DRZZ5/ref=sr_1_48?keywords=smart+light&qid=1581477706&sr=8-48"